{
    "name": "root",
    "gauges": {
        "SoccerBall.Policy.Entropy.mean": {
            "value": 1.4368081092834473,
            "min": 1.4189382791519165,
            "max": 1.4368081092834473,
            "count": 16
        },
        "SoccerBall.Policy.Entropy.sum": {
            "value": 28757.71484375,
            "min": 28041.82421875,
            "max": 29153.029296875,
            "count": 16
        },
        "SoccerBall.Environment.EpisodeLength.mean": {
            "value": 89.97727272727273,
            "min": 89.97727272727273,
            "max": 127.75316455696202,
            "count": 16
        },
        "SoccerBall.Environment.EpisodeLength.sum": {
            "value": 19795.0,
            "min": 19444.0,
            "max": 20185.0,
            "count": 16
        },
        "SoccerBall.Step.mean": {
            "value": 319938.0,
            "min": 19956.0,
            "max": 319938.0,
            "count": 16
        },
        "SoccerBall.Step.sum": {
            "value": 319938.0,
            "min": 19956.0,
            "max": 319938.0,
            "count": 16
        },
        "SoccerBall.Policy.ExtrinsicValueEstimate.mean": {
            "value": 0.016286857426166534,
            "min": 0.00817697774618864,
            "max": 0.04074229300022125,
            "count": 16
        },
        "SoccerBall.Policy.ExtrinsicValueEstimate.sum": {
            "value": 3.58310866355896,
            "min": 1.493168592453003,
            "max": 7.374354839324951,
            "count": 16
        },
        "SoccerBall.Environment.CumulativeReward.mean": {
            "value": 0.0652272744442929,
            "min": 0.050810811668634416,
            "max": 0.09518716743285643,
            "count": 16
        },
        "SoccerBall.Environment.CumulativeReward.sum": {
            "value": 14.350000377744436,
            "min": 9.150000188499689,
            "max": 18.100000135600567,
            "count": 16
        },
        "SoccerBall.Policy.ExtrinsicReward.mean": {
            "value": 0.0652272744442929,
            "min": 0.050810811668634416,
            "max": 0.09518716743285643,
            "count": 16
        },
        "SoccerBall.Policy.ExtrinsicReward.sum": {
            "value": 14.350000377744436,
            "min": 9.150000188499689,
            "max": 18.100000135600567,
            "count": 16
        },
        "SoccerBall.IsTraining.mean": {
            "value": 1.0,
            "min": 1.0,
            "max": 1.0,
            "count": 16
        },
        "SoccerBall.IsTraining.sum": {
            "value": 1.0,
            "min": 1.0,
            "max": 1.0,
            "count": 16
        },
        "SoccerBall.Losses.PolicyLoss.mean": {
            "value": 0.019283807660394815,
            "min": 0.013274674566491739,
            "max": 0.019352038843135234,
            "count": 15
        },
        "SoccerBall.Losses.PolicyLoss.sum": {
            "value": 0.019283807660394815,
            "min": 0.013274674566491739,
            "max": 0.019352038843135234,
            "count": 15
        },
        "SoccerBall.Losses.ValueLoss.mean": {
            "value": 0.0014308211873867549,
            "min": 0.0006848887496744283,
            "max": 0.0131756522343494,
            "count": 15
        },
        "SoccerBall.Losses.ValueLoss.sum": {
            "value": 0.0014308211873867549,
            "min": 0.0006848887496744283,
            "max": 0.0131756522343494,
            "count": 15
        },
        "SoccerBall.Policy.LearningRate.mean": {
            "value": 0.0002,
            "min": 0.0002,
            "max": 0.0002,
            "count": 15
        },
        "SoccerBall.Policy.LearningRate.sum": {
            "value": 0.0002,
            "min": 0.0002,
            "max": 0.0002,
            "count": 15
        },
        "SoccerBall.Policy.Epsilon.mean": {
            "value": 0.15,
            "min": 0.15,
            "max": 0.15,
            "count": 15
        },
        "SoccerBall.Policy.Epsilon.sum": {
            "value": 0.15,
            "min": 0.15,
            "max": 0.15,
            "count": 15
        },
        "SoccerBall.Policy.Beta.mean": {
            "value": 0.003,
            "min": 0.003,
            "max": 0.003,
            "count": 15
        },
        "SoccerBall.Policy.Beta.sum": {
            "value": 0.003,
            "min": 0.003,
            "max": 0.003,
            "count": 15
        }
    },
    "metadata": {
        "timer_format_version": "0.1.0",
        "start_time_seconds": "1668038810",
        "python_version": "3.7.13 (default, Oct 18 2022, 13:40:53) \n[Clang 12.0.0 ]",
        "command_line_arguments": "/Users/yili/opt/anaconda3/envs/unityML/bin/mlagents-learn config/SoccerBall.yaml --run-id=SoccerBall --force",
        "mlagents_version": "0.29.0.dev0",
        "mlagents_envs_version": "0.29.0.dev0",
        "communication_protocol_version": "1.5.0",
        "pytorch_version": "1.8.1",
        "numpy_version": "1.21.5",
        "end_time_seconds": "1668040898"
    },
    "total": 2087.855718125,
    "count": 1,
    "self": 0.00554708399977244,
    "children": {
        "run_training.setup": {
            "total": 0.018739249999999874,
            "count": 1,
            "self": 0.018739249999999874
        },
        "TrainerController.start_learning": {
            "total": 2087.831431791,
            "count": 1,
            "self": 4.371579219922296,
            "children": {
                "TrainerController._reset_env": {
                    "total": 10.045867459,
                    "count": 1,
                    "self": 10.045867459
                },
                "TrainerController.advance": {
                    "total": 2073.3331040710773,
                    "count": 326254,
                    "self": 4.1702947720509655,
                    "children": {
                        "env_step": {
                            "total": 1966.911425655996,
                            "count": 326254,
                            "self": 1802.5390335260788,
                            "children": {
                                "SubprocessEnvManager._take_step": {
                                    "total": 161.45195827894054,
                                    "count": 326254,
                                    "self": 11.330452261950569,
                                    "children": {
                                        "TorchPolicy.evaluate": {
                                            "total": 150.12150601698997,
                                            "count": 323494,
                                            "self": 28.154582075995535,
                                            "children": {
                                                "TorchPolicy.sample_actions": {
                                                    "total": 121.96692394099443,
                                                    "count": 323494,
                                                    "self": 121.96692394099443
                                                }
                                            }
                                        }
                                    }
                                },
                                "workers": {
                                    "total": 2.920433850976698,
                                    "count": 326253,
                                    "self": 0.0,
                                    "children": {
                                        "worker_root": {
                                            "total": 2081.935977189014,
                                            "count": 326253,
                                            "is_parallel": true,
                                            "self": 458.2749416100355,